,"{pod=""blackbox-node1-prometheus-blackbox-exporter-5697cc86ff-522gm""}","{pod=""blackbox-node2-prometheus-blackbox-exporter-5c899d66f7-bh4fl""}","{pod=""blackbox-node3-prometheus-blackbox-exporter-54dcd9b7b7-m4gfr""}","{pod=""deployment-deployer-86f7b457d-9bb44""}","{pod=""deployment-optimizer-ff5c9467c-kz92h""}","{pod=""deployment-ricplt-a1mediator-7496d75d99-2jd4n""}","{pod=""deployment-ricplt-alarmmanager-84884b98f5-qdswj""}","{pod=""deployment-ricplt-appmgr-747458c9f7-g77fr""}","{pod=""deployment-ricplt-e2mgr-7d4f7d9d8b-fsmbz""}","{pod=""deployment-ricplt-e2term-opt-e2term-node2-alpha-67db65dd8bmbb74""}","{pod=""deployment-ricplt-e2term-opt-e2term-node3-alpha-759647dfbfnslp4""}","{pod=""deployment-ricplt-o1mediator-7d66bdc88f-t9tcc""}","{pod=""deployment-ricplt-rtmgr-6c957b9f89-2764w""}","{pod=""deployment-ricplt-submgr-6b4496b858-6mbk8""}","{pod=""deployment-ricplt-vespamgr-64f696d589-xp842""}","{pod=""deployment-tiller-ricxapp-6ff54cb9c-24tht""}","{pod=""node-exporter-prometheus-node-exporter-5wpz5""}","{pod=""node-exporter-prometheus-node-exporter-d24ng""}","{pod=""node-exporter-prometheus-node-exporter-kt9xn""}","{pod=""opt1-e2sim-node2-e2sim-helm-86897f588b-8mkdx""}","{pod=""opt1-e2sim-node3-e2sim-helm-597fbf54cd-dv4dx""}","{pod=""opt2-e2sim-node2-e2sim-helm-7b9f777878-cbsln""}","{pod=""opt2-e2sim-node3-e2sim-helm-675c8f7b85-fqbw2""}","{pod=""r4-infrastructure-kong-5f7c57bf95-hlzl8""}","{pod=""r4-infrastructure-prometheus-alertmanager-689bc4d964-c8mx5""}","{pod=""r4-infrastructure-prometheus-server-6587c99cbf-hv6pt""}","{pod=""ricxapp-opt1-xapp1-node2-e22-7577b49cd-xwfdh""}","{pod=""ricxapp-opt1-xapp1-node3-e23-7b8f9478f8-s6s8g""}","{pod=""ricxapp-opt2-xapp1-node2-e22-6b65dcfcf4-smhxm""}","{pod=""ricxapp-opt2-xapp1-node3-e23-5f4c8f6c58-8bxxg""}","{pod=""statefulset-ricplt-dbaas-server-0""}"
2022-12-29 15:40:00,0.023014487278761417,0.0679177657942917,0.058191622603345414,0.007486060527477539,0.014244399943467411,0.0017385048090412748,0.0003946365436168726,0.0,0.000499236942054847,0.018671987334046198,0.00756494450519098,0.0015445706834729843,0.000527164337411324,0.0004703366694977372,0.00163317017617506,0.00027176478727671265,0.09018772053365201,0.1455570598408078,0.1445903738786572,0.006938442919155672,0.005355127543750522,,,0.0019383965505812362,0.001093508695659126,0.2165795482490132,0.0022350091346805667,0.0014968115629582562,,,0.012434436828287418
2022-12-29 15:40:01,0.023014487278761417,0.0679177657942917,0.058191622603345414,0.008082278097152385,0.01572184412160756,0.0017385048090412748,0.0003946365436168726,0.0,0.000499236942054847,0.018671987334046198,0.007242144623644428,0.0015574984483296994,0.000527164337411324,0.0004703366694977372,0.0016175217879867009,0.00025403805679508057,0.09018772053365201,0.14490300555463986,0.141837273468741,0.006694234258357068,0.005304690420156244,,,0.0018367120963488858,0.0010938022164846731,0.2374421489112149,0.0022350091346805667,0.0014968115629582562,,,0.012434436828287418
2022-12-29 15:40:02,0.023014487278761417,0.0679177657942917,0.05624662823007115,0.008082278097152385,0.01572184412160756,0.0015725288115663342,0.0003946365436168726,0.0,0.000499236942054847,0.018671987334046198,0.007242144623644428,0.0015574984483296994,0.000527164337411324,0.0004703366694977372,0.0019303723383127572,0.00025403805679508057,0.08212071943074757,0.14490300555463986,0.1415541164675173,0.006694234258357068,0.0058004529972236095,,,0.0018253220706717817,0.0010940957373102203,0.2374421489112149,0.0022350091346805667,0.0014968115629582562,,,0.012434436828287418
2022-12-29 15:40:03,0.02301448727876141,0.0679177657942917,0.05624662823007115,0.008082278097152385,0.01572184412160756,0.0015877013433769306,0.0003946365436168726,0.0,0.000499236942054847,0.018671987334046198,0.007242144623644428,0.0015574984483296994,0.000527164337411324,0.0004703366694977372,0.0019303723383127572,0.00025403805679508057,0.08344045599952524,0.14490300555463986,0.1415541164675173,0.006694234258357068,0.0058004529972236095,,,0.0018139320449946771,0.0010971859245615802,0.2374421489112149,0.002223796084241257,0.0014968115629582562,,,0.012434436828287418
2022-12-29 15:40:04,0.02301448727876141,0.0679177657942917,0.05624662823007115,0.008082278097152385,0.01572184412160756,0.0016028738751875274,0.0003946365436168726,0.0,0.000499236942054847,0.016398019705980597,0.007242144623644428,0.0015574984483296994,0.000527164337411324,0.0004703366694977372,0.0019303723383127572,0.00017404173912550938,0.08419240382019913,0.14490300555463986,0.1415541164675173,0.006483815500503573,0.0058004529972236095,,,0.0016901754875784333,0.001078662783486206,0.23779646896400286,0.002223796084241257,0.0014968115629582562,,,0.012909795451130803
2022-12-29 15:40:05,0.02301448727876141,0.0679177657942917,0.05624662823007115,0.008082278097152385,0.015482605030641411,0.0017506391624909278,0.0003946365436168726,0.0,0.000499236942054847,0.016547882723351726,0.007242144623644428,0.0015574984483296994,0.000527164337411324,0.0004703366694977372,0.0019303723383127572,0.00017516295589961562,0.09099771958425304,0.14811585348805395,0.1415541164675173,0.006483815500503573,0.0058004529972236095,,,0.001779899411816898,0.001078662783486206,0.23821209014487105,0.002223796084241257,0.0015063897368969487,,,0.012305502424903416
2022-12-29 15:40:06,0.02301448727876141,0.06835536974377676,0.05624662823007115,0.008082278097152385,0.015482605030641411,0.0017291107104666554,0.00037595717290057776,0.0,0.000499236942054847,0.017845377952665806,0.007242144623644428,0.0016491783094253723,0.000527164337411324,0.00047033666949773727,0.0019303723383127572,0.00017628417267372186,0.09099771958425304,0.14811585348805395,0.1415541164675173,0.006483815500503573,0.005789794499576005,,,0.001779899411816898,0.001078662783486206,0.23830265422465988,0.002223796084241257,0.0015063897368969487,,,0.012305502424903416
2022-12-29 15:40:07,0.02286802878838857,0.06835536974377676,0.05624662823007115,0.008082278097152385,0.015482605030641411,0.0017291107104666554,0.00037595717290057776,4.2613954442848256e-05,0.000499236942054847,0.01698263259135794,0.007242144623644428,0.0016491783094253723,0.0005335426094409896,0.0004748372175619826,0.0019982003084233137,0.00018595130370006584,0.08364874554585192,0.14811585348805395,0.1415541164675173,0.006483815500503573,0.005790778373905525,,,0.001779899411816898,0.001078662783486206,0.23830265422465988,0.002223796084241257,0.0015063897368969487,,,0.012305789762491321
2022-12-29 15:40:08,0.02286802878838857,0.06835536974377676,0.058240214441977925,0.008082278097152385,0.015482605030641411,0.0017291107104666554,0.000348520505376366,4.2613954442848256e-05,0.0005009855586088071,0.01698263259135794,0.007242144623644428,0.0016491783094253723,0.0005335426094409896,0.0004748372175619826,0.0019982003084233137,0.00012460153167490536,0.09188999191517166,0.14811585348805395,0.1415541164675173,0.006483815500503573,0.005790778373905525,,,0.0017370721173977268,0.001078662783486206,0.23830265422465988,0.002273917460865945,0.0015063897368969487,,,0.012305789762491321
2022-12-29 15:40:09,0.022868028788388565,0.061139285272745675,0.058240214441977925,0.008082278097152385,0.015482605030641411,0.0017291107104666554,0.000348520505376366,4.2613954442848256e-05,0.0005085509192361765,0.01621676669435492,0.007242144623644428,0.0016491783094253723,0.0005335426094409896,0.0004708470677839911,0.0019982003084233137,0.00012573032370500196,0.09188999191517166,0.14811585348805395,0.1323236240649885,0.006483815500503573,0.005790778373905525,,,0.0017777890150188786,0.001078662783486206,0.23830265422465988,0.002273917460865945,0.0015063897368969487,,,0.012305789762491321
2022-12-29 15:40:10,0.022868028788388565,0.06171413201467975,0.058240214441977925,0.008082278097152385,0.015493450872348394,0.0017291107104666554,0.000348520505376366,4.2613954442848256e-05,0.0005085509192361765,0.01621676669435492,0.007242144623644428,0.0016491783094253723,0.0005335426094409896,0.0004386107680421016,0.0019982003084233137,0.0001350005282521703,0.09214509485911943,0.14811585348805395,0.14296859403003498,0.006483815500503573,0.005790778373905525,,,0.0017777890150188786,0.0009885320670931078,0.23830265422465988,0.002142052583079819,0.0013846213741404412,,,0.01235599112803163
2022-12-29 15:40:11,0.022868028788388565,0.06228897875661381,0.05760517790644824,0.008082278097152385,0.015493450872348394,0.0017291107104666554,0.00033818809099363717,4.2613954442848256e-05,0.0004991378015276311,0.01621676669435492,0.007242144623644428,0.0016491783094253723,0.0005335426094409896,0.00043481200540459395,0.0019982003084233137,0.0001350005282521703,0.09214509485911943,0.14811585348805395,0.14296859403003498,0.006483815500503573,0.005137032737743163,,,0.0017777890150188786,0.0009622469185096554,0.23830265422465988,0.0021427483904861377,0.0013718767655521837,,,0.012353518534885876
2022-12-29 15:40:12,0.022868028788388565,0.05695380653501814,0.05760517790644824,0.007993574311702587,0.015493450872348394,0.0015725150096494878,0.00033818809099363717,4.2613954442848256e-05,0.0004991378015276311,0.01621676669435492,0.007242144623644428,0.0016491783094253723,0.0005712283893891086,0.0004765364845968368,0.0019982003084233137,0.0001350005282521703,0.09214509485911943,0.14811585348805395,0.13036478968943582,0.006483815500503573,0.0051840213213917,,,0.0017777890150188786,0.0009094328078326206,0.23830265422465988,0.002301399266681631,0.001359132156963926,,,0.012353518534885876
2022-12-29 15:40:13,0.022868028788388565,0.05808379763994484,0.05266182415284137,0.007993574311702587,0.015493450872348394,0.0017028379180524305,0.00033818809099363717,4.2613954442848256e-05,0.0004978773304667599,0.01621676669435492,0.006593182414211138,0.0016517125257859869,0.0005712283893891086,0.0004765364845968368,0.0018630581992615304,0.0001350005282521703,0.09214509485911943,0.13474101304531566,0.13157229928404637,0.0067850763365899895,0.005231009905040237,,,0.0017777890150188786,0.0009177155214922261,0.23830265422465988,0.002301399266681631,0.0014299981246107404,,,0.012130083559483997
2022-12-29 15:40:14,0.022868028788388565,0.06293459745660634,0.06090708742812004,0.008071871662637137,0.015493450872348394,0.0017028379180524305,0.00033818809099363717,4.2613954442848256e-05,0.0004978773304667599,0.01621676669435492,0.00701083283526803,0.0016517125257859869,0.0005712283893891086,0.0004765364845968368,0.0016115171098376648,0.0001350005282521703,0.09214509485911943,0.13560850570848884,0.14354083250842736,0.0067850763365899895,0.00568792689243861,,,0.0017777890150188786,0.0009259982351518317,0.23830265422465988,0.002301399266681631,0.0014299981246107404,,,0.012130083559483997
2022-12-29 15:40:15,0.02146781771887158,0.062379453093613715,0.056146737120667936,0.008071871662637137,0.015493450872348394,0.0017196490756468934,0.00033818809099363717,4.2613954442848256e-05,0.0004978773304667599,0.01621676669435492,0.00701083283526803,0.0016517125257859869,0.0005712283893891086,0.00044698704489882265,0.0017564645896262121,0.0001350005282521703,0.09214509485911943,0.13354949787130482,0.14466712697396605,0.0071864539868092886,0.00568792689243861,,,0.0017485787631070638,0.0009342809488114373,0.23830265422465988,0.002301399266681631,0.0013713697029245212,,,0.012130083559483997
2022-12-29 15:40:16,0.021670456254862337,0.061824308730621086,0.06136331203363275,0.008082261557031636,0.015493450872348394,0.0017196490756468934,0.00033818809099363717,4.2613954442848256e-05,0.0004978773304667599,0.016215626195621814,0.00701083283526803,0.0016517125257859869,0.0005712283893891086,0.0004510676931002555,0.0020218122482977617,0.00012508672953552295,0.09214509485911943,0.13476095684450853,0.14466712697396605,0.0071864539868092886,0.00568792689243861,,,0.0017135081857913318,0.0010064979292095382,0.23830265422465988,0.002158254748918082,0.0013713697029245212,,,0.012130083559483997
2022-12-29 15:40:17,0.02187309479085309,0.06875457525905147,0.06136331203363275,0.008082261557031636,0.015220058601358988,0.0017196490756468934,0.00034503704798559116,4.2613954442848256e-05,0.0004978773304667599,0.016215626195621814,0.006808745945523206,0.0016517125257859869,0.0005712283893891086,0.0004877602016195061,0.0020218122482977617,0.0001239655127614167,0.09214509485911941,0.1453947398916329,0.14466712697396605,0.006638399773924041,0.005217152225790146,,,0.0017135081857913318,0.0010064979292095382,0.22062993272089726,0.0021389682334554644,0.0013713697029245212,,,0.012130083559483997
2022-12-29 15:40:18,0.022075733326843844,0.06875457525905147,0.06136331203363275,0.008082261557031636,0.015220058601358988,0.0017196490756468934,0.0004119561839857267,4.4251241289662574e-05,0.0004978773304667599,0.016215626195621814,0.006808745945523206,0.0016640398029269606,0.0005712283893891086,0.0004877602016195061,0.0020218122482977617,0.00012284429598731047,0.09214509485911941,0.1453947398916329,0.14466712697396605,0.006581894970677888,0.0048281793438976674,,,0.0017135081857913318,0.0010064979292095382,0.21864278515144459,0.0021196817179928466,0.0012822354046643275,,,0.012130083559483997
2022-12-29 15:40:19,0.020836159629099068,0.06875457525905147,0.06136331203363275,0.008082261557031636,0.015126681234919111,0.0017196490756468934,0.0004119561839857267,8.19263746399292e-05,0.0004978773304667599,0.01647211351913942,0.0065513919865747994,0.0016640398029269606,0.0005712283893891086,0.0004877602016195061,0.0017821077597557104,0.00012615029812687456,0.09214509485911941,0.1453947398916329,0.14466712697396605,0.007631974813897201,0.0048027184119665955,,,0.0014947987368462154,0.0009312108008446265,0.22367469036218554,0.002001764318727099,0.0012822354046643275,,,0.0118827944244877
2022-12-29 15:40:20,0.022077151796595782,0.06389012632101511,0.06136331203363275,0.008082261557031636,0.015126681234919111,0.0017196490756468934,0.0004119561839857267,8.19263746399292e-05,0.0004978773304667599,0.01647211351913942,0.006628555029997811,0.0016640398029269606,0.0005311590516503472,0.0005084406026290214,0.001799061522594179,0.00012502150609677796,0.09214509485911941,0.1453947398916329,0.14466712697396605,0.007631974813897201,0.005092863165766826,,,0.0014851823682736245,0.0010001479825783055,0.22168302890510133,0.001982477803264481,0.0012822354046643275,,,0.0118827944244877
2022-12-29 15:40:21,0.022448867300478546,0.06331527957908105,0.06136331203363275,0.008082261557031636,0.015126681234919111,0.0015997610336630154,0.0004119561839857267,8.19263746399292e-05,0.0004978773304667599,0.01647211351913942,0.006628555029997811,0.0015454009538881863,0.0004147336174829277,0.0005084406026290214,0.0018160152854326478,0.00012389271406668137,0.08331559073614281,0.1448167812708634,0.14466712697396605,0.007631974813897201,0.0050460639229027715,,,0.0015631550209613716,0.0009981610252440254,0.21969136744801715,0.002176433857101598,0.001189956753260798,,,0.0118827944244877
2022-12-29 15:40:22,0.024861236820477643,0.06274043283714699,0.06136331203363275,0.008082261557031636,0.015126681234919111,0.0015467265430893064,0.0004119561839857267,8.19263746399292e-05,0.0004978773304667599,0.01647211351913942,0.006628555029997811,0.0016792823370283586,0.00044277302621258065,0.0005084406026290214,0.0018329690482711165,0.00011995290235556641,0.08408001940185315,0.1448167812708634,0.14466712697396605,0.007631974813897201,0.004999264680038718,,,0.0015631550209613716,0.0009981610252440254,0.21769970599093294,0.002176433857101598,0.001189956753260798,,,0.010911690392403302
2022-12-29 15:40:23,0.025138954315397512,0.06216558609521293,0.06465133505854147,0.008082261557031636,0.015126681234919111,0.0015328003770988844,0.00043885881929566775,8.19263746399292e-05,0.00045459659388202595,0.016880952771397673,0.006628555029997811,0.0016792823370283586,0.00038449455808227504,0.0005084406026290214,0.0019699384982431053,0.00011882411032546983,0.09092643111844162,0.1448167812708634,0.14466712697396605,0.007631974813897201,0.0049524654371746624,,,0.0015631550209613716,0.0008844586385319466,0.23886452299481978,0.002176433857101598,0.001189956753260798,,,0.010813298433935824
2022-12-29 15:40:24,0.025138954315397512,0.06159073935327887,0.06465133505854147,0.008082261557031636,0.015126681234919111,0.0015188742111084622,0.00043885881929566775,9.313213029431576e-05,0.0004194711978895605,0.016880952771397673,0.006628555029997811,0.0016792823370283586,0.00038449455808227504,0.0005084406026290214,0.0019699384982431053,0.00011790248188610402,0.09092643111844162,0.1448167812708634,0.14466712697396605,0.007631974813897201,0.005336848697373879,,,0.0015631550209613716,0.000892280021523618,0.23886452299481978,0.002176433857101598,0.0012205562895345255,,,0.011802351880182683
2022-12-29 15:40:25,0.025138954315397512,0.06959200930892291,0.06465133505854147,0.008137084664286802,0.015126681234919111,0.0016865193035942457,0.00043885881929566775,9.414289614032882e-05,0.000423095391648073,0.016880952771397673,0.006628555029997811,0.0015232780568990125,0.00038449455808227504,0.0005173184674225693,0.0019699384982431053,0.00012721318610330555,0.09092643111844162,0.1448167812708634,0.14568865431628947,0.007631974813897201,0.005336848697373879,,,0.0015631550209613716,0.0009001014045152895,0.23886452299481978,0.002035617808951299,0.0012205562895345255,,,0.011800466614153847
2022-12-29 15:40:26,0.025138954315397512,0.06959200930892291,0.06332997638699428,0.008137084664286802,0.015126681234919111,0.0016865193035942457,0.00043885881929566775,0.0001048971920504463,0.0004267195854065854,0.016593216633673503,0.006628555029997811,0.001431105106077411,0.00038449455808227504,0.00047580119801203893,0.0019699384982431053,0.00012721318610330558,0.09043857362316948,0.14416105039305394,0.14508291115358107,0.007631974813897201,0.005336848697373879,,,0.0015631550209613716,0.0009079227875069609,0.23886452299481978,0.001932417495861271,0.0012205562895345255,,,0.011621567579349276
2022-12-29 15:40:27,0.025138954315397512,0.06959200930892291,0.06332997638699428,0.008114020845627984,0.014921475390246321,0.00170420090520973,0.00043885881929566775,0.0001048971920504463,0.00039730653491093797,0.016593216633673503,0.006628555029997811,0.0014605076995472806,0.00038449455808227504,0.00047140783616965475,0.0019699384982431053,0.00012721318610330558,0.09043857362316948,0.14416105039305394,0.14508291115358107,0.007631974813897201,0.005336848697373879,,,0.0015631550209613716,0.0008451671674051333,0.23886452299481978,0.0019149912049425803,0.0012421447100351367,,,0.011621567579349276
2022-12-29 15:40:28,0.025138954315397512,0.07095163202953716,0.06332997638699428,0.008195054649734253,0.014921475390246321,0.00170420090520973,0.0005155115518130737,0.0001048971920504463,0.0004250923224090133,0.016593216633673503,0.006628555029997811,0.0014798936945358179,0.00038449455808227504,0.0005126290975078691,0.0019699384982431053,0.00012721318610330558,0.09043857362316948,0.14416105039305394,0.14508291115358107,0.007811805527697397,0.005336848697373879,,,0.0015631550209613716,0.0009672400188247076,0.23886452299481978,0.0018975649140238896,0.0012421447100351367,,,0.011621567579349276
2022-12-29 15:40:29,0.025138954315397512,0.07095163202953716,0.06332997638699428,0.00821859343009207,0.014921475390246321,0.00170420090520973,0.0005155115518130737,0.0001048971920504463,0.0005005936730858926,0.016593216633673503,0.006628555029997811,0.001610948389547113,0.00038449455808227504,0.0005126290975078691,0.0019699384982431053,0.00012721318610330558,0.09043857362316948,0.14416105039305394,0.14508291115358107,0.007811805527697397,0.005336848697373879,,,0.0015631550209613716,0.000965461833353267,0.23881350635292886,0.0018801386231051991,0.0012421447100351367,,,0.011621567579349276
2022-12-29 15:40:30,0.025138954315397512,0.07421076132218474,0.06332997638699428,0.00821859343009207,0.014846420958352471,0.00170420090520973,0.0005155115518130737,0.0001048971920504463,0.0004969694793273802,0.016593216633673503,0.0065390691781373475,0.0016254560380227273,0.00038449455808227504,0.0005126290975078691,0.0019699384982431053,0.00012721318610330558,0.09043857362316948,0.14432223528111712,0.1449658797125724,0.007417964031125919,0.005336848697373879,,,0.0015631550209613716,0.0009653013907410283,0.2622031599563573,0.0020449484118659393,0.0012421447100351367,,,0.011621567579349276
2022-12-29 15:40:31,0.025138954315397512,0.07421076132218474,0.06332997638699428,0.00821859343009207,0.014846420958352471,0.0016608791733455038,0.0005155115518130737,0.00012853903910185467,0.000617814650057454,0.013725376584798716,0.0065390691781373475,0.0016399636864983418,0.00038449455808227504,0.0005126290975078691,0.0018247973345829746,0.00012721318610330558,0.09043857362316948,0.14432223528111712,0.14457064823697025,0.007485658300144502,0.005263040066439461,,,0.0014481300453379753,0.0009449298153942837,0.2622031599563573,0.0020029756376658985,0.0012421447100351367,,,0.011621567579349276
2022-12-29 15:40:32,0.024461295164989637,0.07421076132218474,0.06332997638699428,0.00821859343009207,0.014846420958352471,0.0016608791733455038,0.0005155115518130737,0.00012853903910185467,0.000617814650057454,0.014896281846454865,0.0065390691781373475,0.0016544713349739564,0.00038449455808227504,0.000516989548233214,0.001943729558892375,0.00012589646394314672,0.09043857362316948,0.13313602368490218,0.14457064823697025,0.007979701376194923,0.005181450030087006,,,0.0014350602630495484,0.0009447693727820451,0.2622031599563573,0.0020029756376658985,0.0012421447100351367,,,0.011586726830110344
2022-12-29 15:40:33,0.024925071278025852,0.07579771520961151,0.06290324035167642,0.00821859343009207,0.014846420958352471,0.0016608791733455038,0.000476550708685151,0.00012853903910185467,0.000617814650057454,0.01502852608332297,0.0065390691781373475,0.0017531124638717776,0.00038449455808227504,0.000516989548233214,0.001943729558892375,0.00012589646394314672,0.09043857362316948,0.14359340870734688,0.14457064823697025,0.007979701376194923,0.005181450030087006,,,0.0012428188245857362,0.0009446089301698065,0.26753551919731217,0.0020031189330511007,0.0012421447100351367,,,0.011586726830110344
2022-12-29 15:40:34,0.024925071278025852,0.07579771520961151,0.05893139552149836,0.00821859343009207,0.014846420958352471,0.0016608791733455038,0.0004880029296070489,0.00012853903910185467,0.000617814650057454,0.015160770320191079,0.0056956913726323765,0.0017531124638717776,0.0005124885778983872,0.000516989548233214,0.001943729558892375,0.0001240230503525553,0.09102624061569985,0.14359340870734688,0.14457064823697025,0.007979701376194923,0.005181450030087006,,,0.0012428188245857362,0.0008790155457493066,0.26753551919731217,0.0020031189330511007,0.0012421447100351367,,,0.011586726830110344
2022-12-29 15:40:35,0.024925071278025852,0.07579771520961151,0.05948730764736737,0.00821859343009207,0.015049864048777228,0.0016356698111756644,0.000496102160827251,0.00011740626994112756,0.000617814650057454,0.016281672471885156,0.006262192241964684,0.0017531124638717776,0.0005124885778983872,0.000516989548233214,0.001943729558892375,0.0001240230503525553,0.09102624061569985,0.14359340870734688,0.14457064823697025,0.007979701376194923,0.005181450030087006,,,0.0015180307998789193,0.0008655264267900876,0.26753551919731217,0.0020031189330511007,0.0012421447100351367,,,0.011005619019766922
2022-12-29 15:40:36,0.023606056754234207,0.07579771520961151,0.060043219773236386,0.00821859343009207,0.015049864048777228,0.0016356698111756644,0.0005184483492828962,9.60842128667691e-05,0.000617814650057454,0.016281672471885156,0.006262192241964684,0.0017531124638717776,0.000623867587470377,0.000516989548233214,0.001943729558892375,0.0001240230503525553,0.09102624061569985,0.14359340870734688,0.14457064823697025,0.007979701376194923,0.005181450030087006,,,0.0015180307998789193,0.0009418521420272856,0.2929464325130661,0.0020031189330511007,0.0011288036320863772,,,0.011005619019766922
2022-12-29 15:40:37,0.023837237386685618,0.07579771520961151,0.06499556294654049,0.00821859343009207,0.015049864048777228,0.0016356698111756644,0.0005184483492828962,9.495266139441793e-05,0.000617814650057454,0.016281672471885156,0.006262192241964684,0.0016250467884389764,0.000623867587470377,0.000516989548233214,0.00202220844148044,0.0001240230503525553,0.09102624061569985,0.1457261891734326,0.14457064823697025,0.007979701376194923,0.005181450030087006,,,0.0015164649690184728,0.0009418521420272856,0.2929464325130661,0.0020031189330511007,0.0011390587940307605,,,0.011005619019766922
2022-12-29 15:40:38,0.024068418019137026,0.07579771520961151,0.06499556294654049,0.00821859343009207,0.0153461576634849,0.0016217600209991615,0.0005184483492828962,9.382110992206675e-05,0.000617814650057454,0.01606356641235082,0.005569803206623003,0.0016103358958500613,0.0006091899638700992,0.000455225634393964,0.00202220844148044,0.0001240230503525553,0.09102624061569985,0.13149200687729165,0.14454816841876175,0.007979701376194923,0.0047579355242185935,,,0.0014873511568004253,0.0009418521420272856,0.2929464325130661,0.0020031189330511007,0.0012377380634292562,,,0.011005619019766922
2022-12-29 15:40:39,0.02429959865158844,0.07578502565771619,0.06499556294654049,0.00689519584375122,0.0153461576634849,0.0016217600209991615,0.0005184483492828962,9.268955844971558e-05,0.000617814650057454,0.01517100200587981,0.005619464525554392,0.001595625003261146,0.0006151485476270347,0.0004592776216467831,0.00202220844148044,0.0001240230503525553,0.09102624061569985,0.13268792414776392,0.14454816841876175,0.007979701376194923,0.00471490618498776,,,0.0014873511568004253,0.0009418521420272856,0.2929464325130661,0.0020119304859698146,0.0012377380634292562,,,0.009814900280057708
2022-12-29 15:40:40,0.02638014728344032,0.07578502565771619,0.06499556294654049,0.007506523531208487,0.0153461576634849,0.0016217600209991615,0.0005184483492828962,9.155800697736439e-05,0.000617814650057454,0.01517100200587981,0.006129895976860932,0.0016250353288384534,0.0006211071313839702,0.0004256926325760939,0.00202220844148044,0.0001145220063066138,0.08304386213995063,0.13388384141823623,0.14646696563897738,0.007750797192275099,0.0046718768457569265,,,0.0014873511568004253,0.0009418521420272856,0.2929464325130661,0.002011930485969815,0.0011412979780007129,,,0.009855570647120556
2022-12-29 15:40:41,0.02638014728344032,0.07578502565771619,0.06664869926118486,0.007575688848085705,0.0153461576634849,0.0016217600209991615,0.0005184483492828962,7.886791278733724e-05,0.000617814650057454,0.01517100200587981,0.006129895976860932,0.001708872091403181,0.0006287817839952877,0.0005357195241297794,0.00202220844148044,0.00012764902295677802,0.0766621091835187,0.14387493293485176,0.14646696563897738,0.007750797192275099,0.005070120538638817,,,0.0014873511568004253,0.0009418521420272856,0.2929464325130661,0.002011930485969815,0.001259137958881251,,,0.010787343471748673
2022-12-29 15:40:42,0.02638014728344032,0.07578502565771619,0.06664869926118486,0.007644854164962923,0.015503275698310733,0.0015844145239730801,0.0005184483492828962,7.886791278733724e-05,0.0007066353487053207,0.01517100200587981,0.006129895976860932,0.001708872091403181,0.0007438001484126647,0.0005357195241297794,0.0016964556235975477,0.00012764902295677802,0.07666698577948525,0.14387493293485176,0.14646696563897738,0.008035218973129189,0.004943267123981673,,,0.0014873511568004253,0.0010627477423546298,0.2929464325130661,0.002011930485969815,0.001259137958881251,,,0.010772608003161169
2022-12-29 15:40:43,0.02638014728344032,0.06950333280565116,0.06116213017329862,0.008309625019677138,0.015503275698310733,0.0015844145239730801,0.0005184483492828962,7.886791278733724e-05,0.0007429689748363121,0.01517100200587981,0.006129895976860932,0.001725334738256677,0.0007438001484126647,0.0005357195241297794,0.0017102707407188815,0.00012764902295677802,0.09163114039105182,0.14399759442431567,0.14646696563897738,0.008035218973129189,0.004943267123981673,,,0.0014873511568004253,0.0010627477423546298,0.30031274662110485,0.002011930485969815,0.0013109888464171472,,,0.010772608003161169
2022-12-29 15:40:44,0.027128616611443262,0.07551881770909033,0.060607230644814554,0.008309625019677138,0.015503275698310733,0.0015844145239730801,0.0005184483492828962,7.886791278733724e-05,0.0007429689748363121,0.014800390264693616,0.006129895976860932,0.001725334738256677,0.0007438001484126647,0.0005465734409006163,0.001724085857840215,0.00012764902295677802,0.09163114039105182,0.14399759442431567,0.13265548358461593,0.008035218973129189,0.004919430658075805,,,0.0014873511568004253,0.0010828811330245173,0.29120314568648686,0.0019871567397734833,0.0013109888464171472,,,0.010781888398004933
2022-12-29 15:40:45,0.027128616611443262,0.07551881770909033,0.06542641937227966,0.008309625019677136,0.015503275698310733,0.0016522958568175124,0.0005184483492828962,9.294158899823663e-05,0.0006869015903970475,0.014800390264693616,0.006129895976860932,0.0017490739574740465,0.0007438001484126647,0.0006109846573928511,0.0018613114162064225,0.000127649022956778,0.09163114039105182,0.14399759442431567,0.13386537885935343,0.008035218973129189,0.004919430658075805,,,0.0014873511568004253,0.0010828811330245173,0.3175560779820231,0.0019871567397734833,0.0013109888464171472,,,0.010781888398004933
2022-12-29 15:40:46,0.027128616611443262,0.07516009192331702,0.06542641937227966,0.007637000558338108,0.015503275698310733,0.0016522958568175124,0.0005154967698109712,9.294158899823663e-05,0.001016274864451525,0.014800390264693616,0.006129895976860932,0.0017490739574740465,0.0010995485277743577,0.0006109846573928511,0.0018239819622786978,0.000127649022956778,0.09163114039105182,0.14399759442431567,0.13507527413409093,0.008035218973129189,0.004919430658075805,,,0.0014692144381198023,0.0010828811330245173,0.29300220632671947,0.0018470843642964213,0.0013109888464171472,,,0.010474574530654802
2022-12-29 15:40:47,0.025299448254554293,0.07516009192331702,0.06542641937227966,0.019555245693003036,0.015503275698310733,0.0016522958568175124,0.0004860648696748496,5.4529121369675844e-05,0.001016274864451525,0.014800390264693616,0.0066658016296882,0.0017490739574740465,0.0010995485277743577,0.0006109846573928511,0.0018239819622786978,0.00013867621934483164,0.09163114039105182,0.14399759442431567,0.1362851694088284,0.008053572616414716,0.004919430658075805,,,0.0014692144381198023,0.0012131479336664132,0.2848037824358751,0.0018302190116542964,0.0013109888464171472,,,0.010474574530654802
2022-12-29 15:40:48,0.025078485276814985,0.07516009192331702,0.06073924628301509,0.019555245693003036,0.014500309859618974,0.0016522958568175124,0.0004860648696748496,5.4529121369675844e-05,0.001016274864451525,0.014800390264693616,0.007305578734001184,0.0017490739574740465,0.0010995485277743577,0.0006109846573928511,0.0017505478307980292,0.00013867621934483164,0.09163114039105182,0.14442089002541175,0.1374950646835659,0.008053572616414716,0.004919430658075805,,,0.0014692144381198023,0.0012131479336664132,0.28204871254271635,0.0018422374425308638,0.0013109888464171472,,,0.010474574530654802
2022-12-29 15:40:49,0.02434455290369735,0.07236257471335851,0.06018333415714608,0.019555245693003036,0.019595848592724625,0.0016522958568175124,0.0004860648696748496,5.4529121369675844e-05,0.001016274864451525,0.014800390264693616,0.007305578734001184,0.0017490739574740465,0.0010995485277743577,0.0006109846573928511,0.0017505478307980292,0.00014395880290975717,0.09163114039105182,0.14442089002541175,0.14687578604703055,0.008053572616414716,0.004919430658075805,,,0.0015750846742562928,0.0012137772995652275,0.2792936426495577,0.0020266685465195524,0.0013109888464171472,,,0.010474574530654802
2022-12-29 15:40:50,0.02412358992595804,0.07236257471335851,0.0638661060119322,0.019555245693003036,0.019595848592724625,0.0016522958568175124,0.0004816511173693249,5.4529121369675844e-05,0.001016274864451525,0.013357630861704484,0.007305578734001184,0.0017490739574740465,0.0013914947415192766,0.0006109846573928511,0.0017505478307980292,0.00014395880290975717,0.09073504444927907,0.14442089002541175,0.14687578604703055,0.007622054355184143,0.004902889128139971,,,0.0015789679585992175,0.0012137772995652275,0.2953202093307492,0.0020266685465195524,0.0013109888464171472,,,0.010474574530654802
2022-12-29 15:40:51,0.02390262694821873,0.07236257471335851,0.0638661060119322,0.019555245693003036,0.019595848592724625,0.0016522958568175121,0.000523349230522486,5.4529121369675844e-05,0.001016274864451525,0.01347793673359991,0.007305578734001184,0.0017490739574740465,0.0013914947415192766,0.0006109846573928511,0.0017505478307980292,0.00014395880290975717,0.09073504444927907,0.14442089002541175,0.1361970925628319,0.007622054355184143,0.004830202829164634,,,0.0015818786226144345,0.0012137772995652275,0.2953202093307492,0.0020142399556995964,0.0013109888464171472,,,0.010474574530654802
2022-12-29 15:40:52,0.02653439338724148,0.07236257471335851,0.058515003906740914,0.019555245693003036,0.019595848592724625,0.0016522958568175121,0.0005733326614887458,5.4529121369675844e-05,0.001016274864451525,0.01458043153824737,0.007305578734001184,0.0017490739574740465,0.0013914947415192766,0.00060479150218559,0.0017505478307980294,0.00014329818064448782,0.09073504444927907,0.14442089002541175,0.1349871972880944,0.007622054355184143,0.004830202829164634,,,0.0016086167099242223,0.0012137772995652275,0.2953202093307492,0.0020142399556995964,0.0013109888464171472,,,0.010700956621632948
2022-12-29 15:40:53,0.02653439338724148,0.07241837222615406,0.06282817325456608,0.019555245693003036,0.019595848592724625,0.0016522958568175121,0.0005733326614887458,5.4529121369675844e-05,0.001016274864451525,0.01458043153824737,0.007305578734001184,0.0017490739574740465,0.0013914947415192766,0.00060479150218559,0.0017505478307980294,0.00014329818064448782,0.09073504444927907,0.14442089002541175,0.1337773020133569,0.007622054355184143,0.004830202829164634,,,0.0017334627323113568,0.0012532326241682528,0.2953202093307492,0.0020142399556995964,0.0012244771522401587,,,0.010700956621632948
2022-12-29 15:40:54,0.02653439338724148,0.07241837222615406,0.06282817325456608,0.019555245693003036,0.019595848592724625,0.0013808544191723567,0.0005733326614887458,5.4529121369675844e-05,0.001016274864451525,0.01458043153824737,0.0069573417908813115,0.0016051398977604944,0.0013914947415192766,0.00060479150218559,0.0017505478307980294,0.0001465759184287381,0.09073504444927907,0.14442089002541175,0.13256740673861944,0.0074205154475903,0.004830202829164634,,,0.001761655026503925,0.001229881250418852,0.2953202093307492,0.0020142399556995964,0.0012524414939917442,,,0.01106010268889747
2022-12-29 15:40:55,0.027005361002026936,0.07241837222615406,0.05443024852450126,0.018926913371831954,0.019595848592724625,0.0015406606106001157,0.0005733326614887458,5.4529121369675844e-05,0.0010915651055995314,0.01486976532577369,0.00702589174032317,0.0015905447507820222,0.0013914947415192766,0.0005730820606694163,0.0017505478307980294,0.0001465759184287381,0.09073504444927907,0.14442089002541175,0.13046959021045998,0.0074205154475903,0.0047312226420206625,,,0.001761655026503925,0.0012416977378017576,0.3026815854123338,0.0020142399556995964,0.0011768859077304179,,,0.01106010268889747
2022-12-29 15:40:56,0.027450573211146988,0.07241837222615406,0.054916832436902846,0.029082134958705944,0.019595848592724625,0.0015348638505450255,0.0005733326614887458,5.4529121369675844e-05,0.0010915651055995314,0.01486976532577369,0.007732453206707761,0.0017084155127358091,0.0015180428783081003,0.000578386374052625,0.0017505478307980294,0.0001465759184287381,0.0840441244383564,0.13041530277215624,0.14500428236291238,0.0074205154475903,0.0047312226420206625,,0.0005308943057264558,0.001761655026503925,0.001350373972262338,0.3026815854123338,0.0020142399556995964,0.0012011583893785063,,,0.01106010268889747
2022-12-29 15:40:57,0.027450573211146988,0.07241837222615406,0.05540341634930443,0.029082134958705944,0.022490772617303943,0.0015210086375974795,0.0005454774198715407,3.4961579904370596e-05,0.0010915651055995314,0.015261272562719462,0.007732453206707761,0.0017084155127358091,0.0015180428783081003,0.0006330059408514507,0.0017505478307980294,0.0001465759184287381,0.083278441539584,0.13165533370224555,0.14500428236291238,0.0074205154475903,0.0047312226420206625,2.0442507366464057e-05,0.00057272814851006,0.001761655026503925,0.0012930887845274419,0.2955739445582011,0.0020142399556995964,0.0012254308710265953,,,0.01106010268889747
2022-12-29 15:40:58,0.027450573211146988,0.07241837222615406,0.0554294538103907,0.03758851245399288,0.022490772617303943,0.001714850066731551,0.0005454774198715407,0.0,0.0010915651055995314,0.015261272562719462,0.00754233804335612,0.0017084155127358091,0.0014077446005361597,0.0006330059408514507,0.0014440495204950294,0.0001465759184287381,0.09041882699413348,0.13289536463233487,0.14500428236291238,0.0074205154475903,0.0047312226420206625,0.0005463590066229312,0.0006010656032481059,0.001761655026503925,0.0012930887845274419,0.2955739445582011,0.0020142399556995964,0.0012287303046315627,,,0.01106010268889747
2022-12-29 15:40:59,0.027450573211146988,0.07253016994585712,0.059663534044011174,0.03758851245399288,0.022490772617303943,0.0017121232213323633,0.0005454774198715407,0.0,0.0011847879536204281,0.015261272562719462,0.007612849595220402,0.0017399870805563183,0.0014077446005361597,0.0006330059408514507,0.0015663470975879044,0.0001465759184287381,0.09041882699413348,0.1214539092341331,0.14500428236291238,0.0074205154475903,0.0047312226420206625,0.0005682177979351951,0.0006294030579861517,0.001761655026503925,0.0012930887845274419,0.2955739445582011,0.001989232133710766,0.0014242008699010917,,,0.010985374568876556
2022-12-29 15:41:00,0.027450573211146988,0.07253016994585712,0.059663534044011174,0.03758851245399288,0.02167517544466824,0.0017121232213323633,0.0005454774198715407,0.0,0.0011772688556423697,0.015261272562719462,0.007683361147084683,0.0017399870805563183,0.0014510077429742553,0.0006330059408514507,0.0015481776184685108,0.0001465759184287381,0.09041882699413348,0.12144787061352486,0.14500428236291238,0.005913577529921995,0.0047312226420206625,0.0005900765892474589,0.0006577405127241978,0.001761655026503925,0.0012691515858942331,0.2955739445582011,0.001957269919586024,0.0014242008699010917,,,0.010985374568876556
2022-12-29 15:41:01,0.027450573211146988,0.07253016994585712,0.059663534044011174,0.03758851245399288,0.023313760050342025,0.0017121232213323633,0.0005454774198715407,0.0,0.0014543887985226328,0.01526127256271946,0.007753872698948965,0.0017399870805563183,0.0014653529286550557,0.0006330059408514507,0.001669269495601912,0.00013639486578426212,0.09154167756861234,0.13332086131992674,0.14500428236291238,0.005967209022586321,0.0047312226420206625,0.0006119353805597227,0.0006860779674622435,0.001761655026503925,0.0012691515858942331,0.2858889752801869,0.001957269919586024,0.0014242008699010917,,,0.010985374568876556
2022-12-29 15:41:02,0.027450573211146988,0.07253016994585712,0.059663534044011174,0.03758851245399288,0.023313760050342025,0.0017121232213323633,0.0005060577990163263,0.0,0.0014543887985226328,0.01526127256271946,0.008343690078368368,0.0017399870805563183,0.001479698114335856,0.0006330059408514507,0.0016541186638763653,0.00012530224947129856,0.09154167756861234,0.13452846869056867,0.1444380603393327,0.006020840515250648,0.004332666426823953,0.0006337941718719865,0.0007144154222002894,0.001761655026503925,0.0012691515858942331,0.3122764310719207,0.001957269919586024,0.0014242008699010917,,,0.010985374568876556
2022-12-29 15:41:03,0.02803342229351763,0.07253016994585712,0.0578953847010167,0.03758851245399288,0.023313760050342025,0.0017121232213323633,0.0005060577990163263,0.0,0.0013131939088596967,0.01526127256271946,0.008635584353891812,0.0017399870805563183,0.0014940433000166565,0.0006330059408514507,0.0016541186638763653,0.0001485664503958776,0.09154167756861234,0.13573607606121063,0.1444380603393327,0.006074472007914974,0.004703349250270354,0.0006556529631842504,0.0007427528769383353,0.001761655026503925,0.0012691515858942331,0.3122764310719207,0.0017420410732099287,0.0014242008699010917,,,0.011728299398019492
2022-12-29 15:41:04,0.02803342229351763,0.06857116112401286,0.0578953847010167,0.03758851245399288,0.023313760050342025,0.0017121232213323633,0.0005060577990163263,0.0,0.0013131939088596967,0.01526127256271946,0.008635584353891812,0.0017399870805563178,0.001508388485697457,0.0006330059408514507,0.0016541186638763653,0.00013676943533038097,0.09154167756861234,0.1436374510873209,0.1460379302523289,0.006558254887493531,0.0046569938574024545,0.0006775117544965144,0.000771090331676381,0.0018593259349912162,0.0012281203219335999,0.3122764310719207,0.0016143999536511054,0.0014242008699010917,,,0.011731116509121484
2022-12-29 15:41:05,0.02803342229351763,0.06450990179982458,0.0578953847010167,0.034044897999918805,0.02448435498159309,0.0017121232213323633,0.0005060577990163263,0.0,0.0013131939088596967,0.01526127256271946,0.008635584353891812,0.0017399870805563178,0.0015227336713782575,0.0006330059408514507,0.0016541186638763653,0.00013794273558269382,0.09154167756861234,0.1436374510873209,0.1460379302523289,0.006558254887493531,0.0046569938574024545,0.0006993705458087781,0.000799427786414427,0.0018593259349912162,0.001326671950108959,0.3122764310719207,0.0016143999536511054,0.0014242008699010917,,,0.010661575432752823
2022-12-29 15:41:06,0.02803342229351763,0.06226038897422439,0.0578953847010167,0.0421061836214714,0.02448435498159309,0.0015637609317005823,0.00043653128328322564,0.0,0.0013131939088596967,0.015169639305883373,0.008635584353891812,0.0017324800836791103,0.0015189244491103072,0.0006330059408514507,0.0016541186638763653,0.00013911603583500668,0.09154167756861234,0.1436374510873209,0.1460379302523289,0.006558254887493531,0.00422764390788225,0.000721229337121042,0.0008154536601975629,0.0019952956503101866,0.0013264070497068152,0.2826064486169647,0.002081594798209621,0.0014242008699010917,,,0.010758604905153533
2022-12-29 15:41:07,0.028094605933095547,0.06226038897422439,0.0578953847010167,0.0421061836214714,0.02448435498159309,0.0015783619834855234,0.00043653128328322564,0.0,0.0013131939088596967,0.015169639305883373,0.008635584353891812,0.0017324800836791103,0.001605055990848027,0.0005874065268004671,0.0016541186638763653,0.000156184974015998,0.09154167756861234,0.1436374510873209,0.1460379302523289,0.006558254887493531,0.0038914536942378985,0.0007305346174570675,0.0015354985234349453,0.0019952956503101866,0.0013264070497068152,0.28529663723613774,0.002081594798209621,0.0014242008699010917,,,0.01085563437755424
2022-12-29 15:41:08,0.028094605933095547,0.06226038897422439,0.05566819563690876,0.0421061836214714,0.02448435498159309,0.001618112507893538,0.00043653128328322564,0.0,0.0013131939088596967,0.015622582197782366,0.008635584353891812,0.0017324800836791103,0.0017512372553539265,0.0005821022134172584,0.0016541186638763653,0.00017015427502087944,0.0925270152385391,0.1436374510873209,0.1460379302523289,0.00655825488749353,0.0038902140627353164,0.0007520314291308933,0.0015942504843450005,0.0019925309775241764,0.0013039590234565216,0.2808824741301014,0.002081594798209621,0.0014242008699010917,,,0.01095266384995495
2022-12-29 15:41:09,0.028094605933095547,0.06226038897422439,0.05566819563690876,0.0421061836214714,0.02448435498159309,0.001633482919957119,0.00043653128328322564,0.0,0.0013131939088596967,0.015347695614269356,0.008635584353891812,0.0017324800836791103,0.0017328848791565818,0.000551091207823227,0.0016765981219534136,0.00017015427502087944,0.0925270152385391,0.1436374510873209,0.1460379302523289,0.006064790140676229,0.004174741958231696,0.0007929743168860638,0.0016530024452550557,0.002256562188194989,0.0013039590234565216,0.283438026054179,0.002081594798209621,0.0014076716739477636,0.0009822096228188756,,0.011777462880097178
2022-12-29 15:41:10,0.028094605933095547,0.06226038897422439,0.05566819563690876,0.05837131554887463,0.023258806377126424,0.001766467725131221,0.00043653128328322564,0.0,0.0013131939088596967,0.016579329657121545,0.008635584353891812,0.0016131907252392298,0.002598678140228197,0.0008243623943765173,0.0016765981219534136,0.00017015427502087944,0.09311255893057471,0.14227281631295743,0.13500668847918823,0.006009117385215663,0.004499473760698102,0.0008151844319155254,0.0017117544061651109,0.0022404620770269694,0.0012772234575897648,0.28599357797825664,0.002081594798209621,0.001395641687620571,0.0010555605506571534,,0.011777462880097178
2022-12-29 15:41:11,0.028094605933095547,0.06226038897422439,0.05566819563690876,0.05837131554887463,0.023258806377126424,0.001766467725131221,0.00035952574089536575,0.0,0.0013101359083607493,0.016579329657121545,0.008635584353891812,0.0017134621271378812,0.003697311476381606,0.0008302900612359212,0.0016765981219534136,0.00017015427502087944,0.09311255893057471,0.14227281631295743,0.14524269594188005,0.0059534446297550975,0.004499473760698102,0.0008373945469449871,0.0017650730401542122,0.0022404620770269694,0.0012772418355241834,0.30488837057291474,0.0019184793361047957,0.0013836117012933783,0.001128911478495431,0.0011474132299291893,0.011775991232935363
2022-12-29 15:41:12,0.028094605933095547,0.06226038897422439,0.05566819563690876,0.06626056997556935,0.023258806377126424,0.001766467725131221,0.00033312657495833826,8.246862245853155e-05,0.001323677117527556,0.016579329657121545,0.008635584353891812,0.0017134621271378812,0.003697311476381606,0.0012719622113740565,0.0016765981219534136,0.00017015427502087944,0.09311255893057471,0.14227281631295743,0.13401401521344294,0.005897771874294531,0.004499473760698102,0.0008596046619744487,0.0018231626829170189,0.0022404620770269694,0.0012366577143217215,0.30488837057291474,0.0019346745349014924,0.0013715817149661856,0.0012022624063337088,0.0012284651438533867,0.011775991232935363
2022-12-29 15:41:13,0.028094605933095547,0.06226038897422439,0.05143700610854926,0.06626056997556935,0.023258806377126424,0.0016900913940581705,0.0003300833849715534,0.0001628133311733744,0.0014254553158907775,0.016579329657121545,0.008042593954638516,0.0017134621271378812,0.003697311476381606,0.0012719622113740565,0.0017357608314812244,0.00017015427502087944,0.09311255893057471,0.14227281631295743,0.13279815402395667,0.005151181084859588,0.004499473760698102,0.0008818147770039104,0.0018812523256798255,0.0022404620770269694,0.0012482697700126988,0.30488837057291474,0.001950869733698189,0.001367189867966168,0.0012756133341719864,0.0013095170577775842,0.010858037578292432
2022-12-29 15:41:14,0.028094605933095547,0.06226038897422439,0.056100359661388016,0.07483817173955577,0.021612859925058365,0.0015694511238148526,0.0003270401949847685,0.0001628133311733744,0.0014389965250575843,0.016579329657121545,0.008455164003463515,0.0017134621271378812,0.003697311476381606,0.0012719622113740565,0.0017357608314812244,0.00017015427502087944,0.09311255893057471,0.14125173857154688,0.13158229283447043,0.005533910059361321,0.004499473760698102,0.0009040248920333719,0.0019393419684426319,0.0022404620770269694,0.0013436616057318199,0.30488837057291474,0.002106157397360315,0.0015418207330475768,0.0013489642620102642,0.001390568971701782,0.010959467497414142
2022-12-29 15:41:15,0.028094605933095547,0.06226038897422439,0.05119215321198117,0.07483817173955577,0.021411861029969358,0.001963989820981576,0.00035346281867723725,0.0001628133311733744,0.001565928434484939,0.016579329657121545,0.008384652451599235,0.0017134621271378812,0.003697311476381606,0.0012719622113740565,0.0017357608314812244,0.00017015427502087944,0.092497914835119,0.14171110829846634,0.14591743861209894,0.005018507078758673,0.004499473760698102,0.0009262350070628336,0.001990884897212515,0.0022404620770269694,0.0013436799836662387,0.30488837057291474,0.002106157397360315,0.00157217917373094,0.001438332161643105,0.0014716208856259795,0.011932383281629596
2022-12-29 15:41:16,0.028094605933095547,0.06226038897422439,0.053054727850882215,0.07483817173955577,0.02192605369215843,0.001963989820981576,0.0003504196286904524,0.0001628133311733744,0.0016778486086127414,0.015639913570960215,0.008314140899734954,0.0017134621271378812,0.003697311476381606,0.0012719622113740565,0.001531047832031984,0.00017015427502087944,0.092497914835119,0.14135444458866658,0.14591743861209894,0.00491410904218909,0.004499473760698102,0.0016578618531333054,0.00204925692980388,0.0022267959958115337,0.001343872189293357,0.30488837057291474,0.0023018559311376724,0.00157217917373094,0.0015123108859692346,0.001552672799550177,0.011932383281629596
2022-12-29 15:41:17,0.028094605933095547,0.0570291588576185,0.053054727850882215,0.07483817173955577,0.02192605369215843,0.001963989820981576,0.0004061182726655273,0.0001628133311733744,0.001555859240531271,0.01578591078089972,0.009393272731800408,0.0017134621271378812,0.003697311476381606,0.0012719622113740565,0.001680495788661275,0.00017015427502087944,0.092497914835119,0.14135444458866658,0.14591743861209894,0.004809711005619506,0.004499473760698102,0.0017072365536021043,0.0021076289623952445,0.0024418125389172045,0.001343872189293357,0.30488837057291474,0.0023018559311376724,0.00157217917373094,0.001586289610295364,0.0016337247134743744,0.011932383281629596
2022-12-29 15:41:18,0.025599543923882837,0.0570291588576185,0.04932712363670111,0.07483817173955577,0.02192605369215843,0.001963989820981576,0.0003880102462854075,0.00018749057914975746,0.0015423180313644644,0.01697376841383586,0.011039458849348434,0.00168321964099719,0.003697311476381606,0.0012719622113740565,0.0017989926273100883,0.00017015427502087944,0.09145920053770726,0.14135444458866658,0.13606939298128062,0.004705312969049922,0.004499473760698102,0.001756611254070903,0.0021660009949866096,0.0024418125389172045,0.001343872189293357,0.30488837057291474,0.0023018559311376724,0.00157217917373094,0.0016602683346214934,0.0017326862707458292,0.011932383281629596
2022-12-29 15:41:19,0.026953290574753576,0.0570291588576185,0.04888110458624569,0.07483817173955577,0.02235234302060663,0.001963989820981576,0.00041865446177264645,0.00022862940296249014,0.0017272527079025967,0.016748780534138197,0.011039458849348434,0.00168321964099719,0.003697311476381606,0.0012719622113740565,0.0017989926273100883,0.0001783109900813499,0.09145920053770726,0.14135444458866658,0.13486454257173555,0.004459482770268105,0.0041754622523907286,0.001805985954539702,0.0020141577933011075,0.0024418125389172045,0.001343872189293357,0.2772649334666076,0.0023018559311376724,0.00157217917373094,0.0017342470589476228,0.0018143643850283163,0.011932383281629596
2022-12-29 15:41:20,0.026953290574753576,0.0570291588576185,0.048435085535790276,0.07483817173955577,0.02455829675184993,0.001963989820981576,0.00041865446177264645,0.00023097108185591528,0.0017272527079025967,0.016748780534138197,0.011039458849348434,0.00168321964099719,0.003896493510558038,0.0012719622113740565,0.0017989926273100883,0.0001783109900813499,0.09145920053770726,0.14135444458866658,0.13365969216219045,0.004358298867632009,0.003697086469573862,0.0018472873956962752,0.0023926766043829255,0.0024418125389172045,0.0013059285408625041,0.25847491850083665,0.0023018559311376724,0.00157217917373094,0.0018082257832737522,0.0018960424993108033,0.011932383281629596
2022-12-29 15:41:21,0.026232741514785503,0.0570291588576185,0.047989066485334866,0.07483817173955577,0.02455829675184993,0.001963989820981576,0.00041865446177264645,0.00023331276074934048,0.0017272527079025967,0.016722096216259617,0.011039458849348434,0.00168321964099719,0.004592892522812631,0.0012719622113740565,0.0017989926273100883,0.00016344270144165473,0.09145920053770726,0.14135444458866658,0.13245484175264538,0.004257114964995913,0.004014535067248553,0.0018964811312167104,0.002453987747318743,0.0027323667026204696,0.0013179322688316323,0.25591936657675907,0.002392050716640348,0.00157217917373094,0.001369774925721674,0.0019777206135932904,0.010511545384962049
2022-12-29 15:41:22,0.02604027864425959,0.05568348391316173,0.04754304743487946,0.07483817173955577,0.02455829675184993,0.001963989820981576,0.00041865446177264645,0.00023565443964276568,0.0017272527079025967,0.016722096216259617,0.011039458849348434,0.0016983392006750127,0.004592892522812631,0.0012719622113740565,0.0018782108763087304,0.00016196356409190393,0.09145920053770726,0.14135444458866658,0.14659982559013957,0.004155931062359817,0.003976594609601319,0.0019456748667371461,0.002515298890254561,0.0029532838228728806,0.00132993599680076,0.2533638146526815,0.002392050716640348,0.00157217917373094,0.0013662427800565867,0.002059398727875777,0.01041451591256134
2022-12-29 15:41:23,0.02604027864425959,0.05568348391316173,0.0512817371086356,0.07960822283679148,0.02455829675184993,0.001963989820981576,0.00041865446177264645,0.00023799611853619085,0.0017272527079025967,0.016722096216259617,0.011039458849348434,0.0016983392006750127,0.004872407188164302,0.0012719622113740565,0.0018782108763087304,0.00022056484280515466,0.08316470284032226,0.13232826358601274,0.14659982559013957,0.004054747159723721,0.003938654151954086,0.0018204770904140565,0.0026983122881372055,0.003280419370717507,0.001226479251120668,0.249805484978125,0.002392050716640348,0.00157217917373094,0.001415603725553246,0.002141076842158264,0.011242622856867248
2022-12-29 15:41:24,0.02604027864425959,0.05568348391316173,0.0512817371086356,0.07960822283679148,0.02455829675184993,0.0018235042547204467,0.00041865446177264645,0.0002617665009833499,0.0017272527079025967,0.016722096216259617,0.011039458849348434,0.0016983392006750127,0.004872407188164302,0.0012719622113740565,0.0018782108763087304,0.0002129657748926209,0.09151820602072053,0.13113574396616157,0.14659982559013957,0.003953563257087625,0.0034053003820163907,0.0018479891037645327,0.0027625627851420214,0.003280419370717507,0.0012026898235472077,0.25154921235363104,0.002392050716640348,0.0016106852182817422,0.0014649646710499053,0.0015930626371636603,0.011458553522400034
2022-12-29 15:41:25,0.02604027864425959,0.05230588389721004,0.0512817371086356,0.09776293989045537,0.02455829675184993,0.002081581891385318,0.00041865446177264645,0.0003279804338946339,0.0017272527079025967,0.016722096216259617,0.011039458849348434,0.0016983392006750127,0.004872407188164302,0.0013859521329751363,0.0018782108763087304,0.0002129657748926209,0.09151820602072053,0.12994322434631034,0.1466798733341862,0.0038523793544515293,0.0034053003820163907,0.001875501117115009,0.002829481654234341,0.003280419370717507,0.001179074039887102,0.25154921235363104,0.002392050716640348,0.0014880176893159087,0.0015143256165465644,0.0015936888375219498,0.011458553522400034
2022-12-29 15:41:26,0.02604027864425959,0.05230588389721004,0.04471146396690394,0.08877537631382612,0.02455829675184993,0.002081581891385318,0.00041865446177264645,0.0003279804338946339,0.0017272527079025967,0.01697805543751696,0.011039458849348434,0.00168390458972438,0.004872407188164302,0.001278459741693085,0.0018782108763087304,0.0002129657748926209,0.09156754280678636,0.12590876953609134,0.14729092388501794,0.0037511954518154337,0.0034053003820163907,0.0019030131304654848,0.002893449761410598,0.003280419370717507,0.0011554582562269971,0.25154921235363104,0.0021614101352704904,0.0014743327171357185,0.0018992438276686063,0.0015943150378802393,0.011459058597516048
2022-12-29 15:41:27,0.02604027864425959,0.05230588389721004,0.04511104888331974,0.087791435259374,0.02455829675184993,0.002081581891385318,0.00041865446177264645,0.00039045734776289084,0.0017272527079025967,0.01697805543751696,0.011039458849348434,0.00168390458972438,0.004872407188164302,0.0012665561519494951,0.0018782108763087304,0.0003083943874572032,0.09156754280678636,0.12477694466316208,0.14729092388501794,0.0036500115491793377,0.0030427133932533447,0.002352530194714952,0.002957417868586855,0.003280419370717507,0.0012272443047717588,0.25154921235363104,0.002140999464352804,0.0013585957624703173,0.0019645241823084865,0.0015949412382385286,0.011459058597516048
2022-12-29 15:41:28,0.02604027864425959,0.05230588389721004,0.04896324727002629,0.08092791645411518,0.0225601248614867,0.002081581891385318,0.0003733294217911154,0.00039045734776289084,0.0017272527079025967,0.01697805543751696,0.011432148253925726,0.0016973923561740866,0.004872407188164302,0.0011765292685447784,0.0017436491500674057,0.0003083943874572032,0.09156754280678636,0.12364511979023282,0.14729092388501794,0.0035707629778495946,0.003225665950800343,0.0024086988613966527,0.0030213859757631124,0.003280419370717507,0.0012412101121336973,0.25154921235363104,0.002120588793435117,0.0014640942762043788,0.002018904952317077,0.0015955674385968181,0.011459058597516048
2022-12-29 15:41:29,0.02604027864425959,0.05230588389721004,0.04896324727002629,0.08301807025095498,0.0225601248614867,0.002081581891385318,0.0003769510542728235,0.00039045734776289084,0.0014674494752881365,0.01697805543751696,0.011432148253925726,0.0016973923561740866,0.004872407188164302,0.0011765292685447784,0.0017281332404402712,0.0003083943874572032,0.09156754280678636,0.13553482419662405,0.14729092388501794,0.003469494067809063,0.003154346581030552,0.002462042418018928,0.003085354082939369,0.003280419370717507,0.0012411917341992786,0.25154921235363104,0.002100178122517431,0.001449951436371406,0.0020839108000318507,0.0014498546207116652,0.011459058597516048
2022-12-29 15:41:30,0.02604027864425959,0.05230588389721004,0.04896324727002629,0.08301807025095498,0.0225601248614867,0.002045674021817191,0.0003501781361517968,0.00039045734776289084,0.0015820750528699312,0.01697805543751696,0.01033541864503475,0.0016973923561740866,0.004872407188164302,0.001230583322976663,0.0017126173308131365,0.0003083943874572032,0.09156754280678636,0.13168247678623846,0.14729092388501794,0.0033682251577685325,0.003083027211260761,0.002515385974641203,0.0031493221901156268,0.0032804193707175067,0.0012411733562648598,0.2293078029597481,0.0019394472265048483,0.001435808596538433,0.0021489166477466244,0.0014921537461568457,0.011459058597516048
2022-12-29 15:41:31,0.02604027864425959,0.05230588389721004,0.05108932578284642,0.08301807025095499,0.0225601248614867,0.0020404624321902426,0.00039601503433552834,0.00039045734776289084,0.001676667040565608,0.01697805543751696,0.011406334915180142,0.0016973923561740866,0.004872407188164302,0.001230583322976663,0.0016971014211860018,0.0003083943874572032,0.09156754280678636,0.13168247678623846,0.14729092388501794,0.003266956247728002,0.0030117078414909704,0.0025687295312634773,0.0032132902972918835,0.0032804193707175067,0.0012411549783304411,0.2525839548944826,0.0018878022236528012,0.00142166575670546,0.0022139224954613986,0.0015344528716020262,0.011459058597516048
2022-12-29 15:41:32,0.02615429618758,0.05230588389721004,0.05108932578284642,0.08301807025095499,0.02079597132714746,0.0020404624321902426,0.00039601503433552834,0.00039045734776289084,0.0014970700249312594,0.016554680593996788,0.011512704084511854,0.0016973923561740866,0.004872407188164302,0.001230583322976663,0.0023009737843783344,0.0003253516233384158,0.09156754280678636,0.13168247678623846,0.14729092388501794,0.002453069977562388,0.0029403884717211794,0.002622073087885752,0.0032745050330422404,0.0032804193707175067,0.0012411366003960223,0.2525839548944826,0.0020321292682163265,0.0012672231968051048,0.002278928343176172,0.0015767519970472067,0.011863881137010831
2022-12-29 15:41:33,0.023711783968288123,0.05094173197274106,0.04967807474780554,0.08301807025095499,0.021333049939216656,0.0020404624321902426,0.00039601503433552834,0.00039045734776289084,0.0014970700249312594,0.01659215159457294,0.0125790625514305,0.0016973923561740866,0.004872407188164302,0.001230583322976663,0.0023009737843783344,0.0003253516233384158,0.09156754280678636,0.13168247678623846,0.14751636975490445,0.0024022184262526957,0.0028690691019513884,0.0026701352480477643,0.003338190750389939,0.0032804193707175067,0.0012411182224616036,0.2525839548944826,0.00198826843735774,0.0012399205755142936,0.0023439341908909456,0.0016190511224923874,0.011863881137010831
2022-12-29 15:41:34,0.022089587134526634,0.05094173197274106,0.04967807474780554,0.08301807025095499,0.021333049939216656,0.0020404624321902426,0.00038727883475510555,0.00039045734776289084,0.0013052874789624184,0.016436621898005682,0.0125790625514305,0.0016973923561740866,0.005024955069425598,0.001230583322976663,0.0023009737843783344,0.0003253516233384158,0.09156754280678636,0.13168247678623846,0.14751636975490445,0.002351366874943004,0.0027977497321815975,0.0027234788046700395,0.0031470071332450715,0.003106327763507244,0.0012403729696540224,0.2525839548944826,0.0019444076064991534,0.001212617954223482,0.0024089400386057194,0.00210376456780516,0.011863881137010831
2022-12-29 15:41:35,0.022089587134526634,0.05282856262175456,0.04967807474780554,0.08301807025095499,0.01830749440904107,0.0020404624321902426,0.00038727883475510555,0.00039045734776289084,0.0013052874789624184,0.01628109220143843,0.0125790625514305,0.0016973923561740866,0.005024955069425598,0.001230583322976663,0.0023009737843783344,0.0003253516233384158,0.09156754280678636,0.13168247678623846,0.14751636975490445,0.0023005153236333115,0.0027264303624118065,0.0027635487383529237,0.003180887061979643,0.0031741897713761344,0.0012480452661435344,0.2525839548944826,0.0019005467756405669,0.0011853153329326703,0.0020881499121922693,0.002161282662379036,0.011863881137010831
2022-12-29 15:41:36,0.022460423016220355,0.05282856262175456,0.04967807474780554,0.08301807025095499,0.01830749440904107,0.0020404624321902426,0.00038727883475510555,0.0004574970857639354,0.0013052874789624184,0.016125562504871176,0.0125790625514305,0.0016973923561740866,0.005171540073251864,0.0012305833229766631,0.0021587054474235595,0.0003087290020795749,0.09155455968027071,0.13168247678623846,0.14751636975490445,0.00224966377232362,0.0026551109926420155,0.002791548858189712,0.003498138714650175,0.0029524227052499636,0.0011315121265536507,0.23691268818113312,0.0018566859447819801,0.0011580127116418587,0.0021044226108982355,0.002218800756952913,0.011863881137010831
2022-12-29 15:41:37,0.024124003269089436,0.05282856262175456,0.04967807474780554,0.08301807025095499,0.01830749440904107,0.0020404624321902426,0.00038727883475510555,0.0003826567571836951,0.0013052874789624184,0.01597003280830392,0.0125790625514305,0.001691831122911165,0.00512993567007409,0.0012305833229766631,0.002425662325146314,0.0003087290020795749,0.09155455968027071,0.1302137747105713,0.14751636975490445,0.0021988122210139277,0.0025837916228722245,0.0028195489780265,0.003498138714650175,0.002913541543143056,0.0011315121265536507,0.2348172004126049,0.0018128251139233938,0.0011307100903510474,0.0021206953096042018,0.0022763188515267894,0.011863881137010831
2022-12-29 15:41:38,0.023902701562631745,0.05282856262175456,0.05394040486429257,0.06537189505625701,0.013685944876024494,0.0018910568261428112,0.00038727883475510555,0.0003864943324108352,0.0013052874789624184,0.017754417270753005,0.0125790625514305,0.001691831122911165,0.00432888423127003,0.0012305833229766631,0.002425662325146314,0.0003087290020795749,0.09155455968027071,0.1302137747105713,0.14925707140197422,0.0021479606697042356,0.0024964956063653187,0.0028475490978632882,0.004123474345511991,0.0030201912302851037,0.0011315121265536507,0.230917993115502,0.0017689642830648069,0.0011034074690602358,0.002098971238419085,0.002333836946100666,0.01186388113701083
2022-12-29 15:41:39,0.026961472230079084,0.05282856262175456,0.05394040486429257,0.06537189505625701,0.014967993289179922,0.0018316508986961147,0.00038727883475510555,0.00039033190763797525,0.0013052874789624184,0.017754417270753005,0.0125790625514305,0.001691831122911165,0.004278934070162924,0.0012305833229766631,0.002425662325146314,0.0003087290020795749,0.09155455968027071,0.1302137747105713,0.14925707140197422,0.002378674186390459,0.0024271537479629004,0.0028755492177000765,0.004336712354975059,0.0030201912302851037,0.0011315121265536507,0.2491843721661631,0.0017251034522062204,0.0010761048477694241,0.002149714444980678,0.0023913550406745427,0.011397565865432932
2022-12-29 15:41:40,0.026961472230079084,0.04852185602885113,0.05394040486429257,0.06450591102147982,0.014967993289179922,0.0018487109834976353,0.00038727883475510555,0.0003941694828651154,0.0013052874789624184,0.017754417270753005,0.012823193385473101,0.0016496201853661253,0.004089871709064974,0.0012305833229766631,0.002425662325146314,0.00028298805471338125,0.09155455968027071,0.13162150355726138,0.14925707140197422,0.0012595441460172363,0.002357811889560483,0.002903549337536865,0.004336712354975059,0.0030201912302851037,0.0011315121265536507,0.2491843721661631,0.001681242621347634,0.0010488022264786125,0.0022004576515422705,0.0024522166389571087,0.010986167887232855
2022-12-29 15:41:41,0.026961472230079084,0.05505109966156496,0.05394040486429257,0.06450591102147982,0.014967993289179922,0.0018657710682991558,0.00038727883475510555,0.00046264582588282353,0.0013052874789624184,0.017754417270753005,0.012823193385473101,0.0015966701039093973,0.004089871709064974,0.0013425308222176353,0.002425662325146314,0.0002990960285571707,0.08431488231415338,0.13162150355726138,0.14925707140197422,0.0012082712573718904,0.0023249642192965346,0.0029315494573736527,0.004336712354975059,0.0030201912302851037,0.0011315121265536507,0.2491843721661631,0.0016373817904890473,0.0010510084819066235,0.0021102742886634994,0.00250940032463856,0.010894363543833177
2022-12-29 15:41:42,0.026961472230079084,0.05505109966156496,0.05394040486429257,0.06450591102147982,0.014878565919985307,0.0018828311531006764,0.00038727883475510555,0.0003836046220232255,0.0010761836902012016,0.017754417270753005,0.012823193385473101,0.0014715668470451871,0.004089871709064974,0.0013425308222176353,0.002425662325146314,0.0002990960285571707,0.09111838486892952,0.13162150355726138,0.14925707140197422,0.001156998368726545,0.002255400943219991,0.0031560416232595573,0.004336712354975059,0.0030201912302851037,0.0010632987461875,0.2491843721661631,0.0015935209596304608,0.001023568109776517,0.002148070664462811,0.0025665840103200116,0.012482674891750836
2022-12-29 15:41:43,0.026961472230079084,0.05505109966156496,0.05394040486429257,0.06450591102147982,0.014878565919985307,0.002024250726062881,0.00038727883475510555,0.0004149921498060045,0.001187915500274945,0.017754417270753005,0.012823193385473101,0.00161099320702665,0.004089871709064974,0.0012567106696207556,0.002425662325146314,0.0002990960285571707,0.09000190165276878,0.11852968056539431,0.14925707140197422,0.0011057254800811995,0.0021858376671434468,0.0031547402084419153,0.00445614702691597,0.0030201912302851037,0.0010539384515945852,0.2491843721661631,0.0015496601287718743,0.0009433114130736099,0.0021825411723184374,0.002623767696001463,0.012482674891750836
2022-12-29 15:41:44,0.026961472230079084,0.0512115679152601,0.05394040486429257,0.06450591102147982,0.014878565919985307,0.002024250726062881,0.0003798257681982019,0.0004149921498060045,0.001187915500274945,0.017099049177772326,0.012823193385473101,0.00161099320702665,0.004089871709064974,0.0012567106696207556,0.002307494071807148,0.0002990960285571707,0.09000190165276878,0.11960395419880876,0.14925707140197422,0.0010544525914358536,0.0021162743910669033,0.0031270145151794425,0.00445614702691597,0.002881374745616047,0.0010445781570016703,0.2491843721661631,0.0015057992979132877,0.0009300138807764764,0.0022137388056647903,0.002680951381682915,0.012486215171623512
2022-12-29 15:41:45,0.0269946208015177,0.0516976331847373,0.053154529747654215,0.06450591102147982,0.014878565919985307,0.002096266839125118,0.0003766511984220123,0.0004149921498060045,0.001187915500274945,0.017099049177772326,0.012823193385473101,0.00161099320702665,0.004089871709064974,0.001166143122041845,0.002307494071807148,0.0002990960285571707,0.09000190165276878,0.1206782278322232,0.14925707140197422,0.0010031797027905084,0.00204671111499036,0.0030992888219169693,0.00445614702691597,0.002881374745616047,0.0009405823657760957,0.2491843721661631,0.0014619384670547012,0.0009167163484793427,0.002521491090948908,0.0023549837758842186,0.012486215171623512
2022-12-29 15:41:46,0.0269946208015177,0.05218369845421449,0.053154529747654215,0.06450591102147982,0.014878565919985307,0.002060319086822462,0.0003863952862902311,0.0004149921498060045,0.001177986502729309,0.017099049177772326,0.012823193385473101,0.00161099320702665,0.004579844083621543,0.001166143122041845,0.0023641393472497284,0.0002990960285571707,0.09000190165276878,0.12040536232933594,0.14925707140197422,0.0009519068141451628,0.001977147838913816,0.0035217533095470727,0.00445614702691597,0.002881374745616047,0.001054003851920142,0.2491843721661631,0.0014180776361961147,0.0009034188161822091,0.002572650752847761,0.002370494536478779,0.01200115666940772
2022-12-29 15:41:47,0.0269946208015177,0.05671443434732881,0.053154529747654215,0.05780317246349969,0.014757707848865499,0.002060319086822462,0.0004642768966164608,0.0004149921498060045,0.0010961200373376234,0.017099049177772326,0.013396546713561799,0.00161099320702665,0.004579844083621543,0.001166143122041845,0.0023641393472497284,0.0002837320378636496,0.09000190165276878,0.11933108869592149,0.14925707140197422,0.0009006339254998173,0.0019075845628372724,0.0035217533095470727,0.00445614702691597,0.002881374745616047,0.0010555852620215338,0.2504608053907775,0.0013742168053375282,0.0010058369009462195,0.002619900075802979,0.002386005297073339,0.01200115666940772
2022-12-29 15:41:48,0.0269946208015177,0.05671443434732881,0.055732786055412764,0.06242248268175982,0.014757707848865499,0.002060319086822462,0.0004642768966164608,0.0004149921498060045,0.0011789172842479744,0.017099049177772326,0.014118376446834351,0.0016166666509020379,0.004579844083621543,0.001166143122041845,0.0023733555521777794,0.0003059768991162872,0.09000190165276878,0.1179972865038847,0.14925707140197422,0.0008493610368544718,0.001838021286760728,0.0035217533095470727,0.00445614702691597,0.002881374745616047,0.0011796695260535054,0.2504608053907775,0.0015196086302379558,0.0009733063233468098,0.002671413027264578,0.0025176548945192246,0.01200115666940772
2022-12-29 15:41:49,0.026548894307054455,0.05828589020610864,0.055792538266521655,0.06242248268175982,0.014697801458326689,0.002060319086822462,0.0004642768966164608,0.0004149921498060045,0.0011683402215358703,0.017099049177772326,0.014118376446834351,0.0016166666509020379,0.004579844083621543,0.001166143122041845,0.0023733555521777794,0.0003059768991162872,0.09000190165276878,0.13450079646335322,0.1555727302810619,0.0007980881482091261,0.0017684580106841848,0.0035217533095470727,0.00445614702691597,0.0026530984948985458,0.0011840413160991738,0.2504608053907775,0.0008696378329717291,0.0009407757457474002,0.0027229259787261762,0.0025668376162860363,0.01200115666940772
2022-12-29 15:41:50,0.026548894307054455,0.05828589020610864,0.05709366317872257,0.06242248268175982,0.014697801458326689,0.002060319086822462,0.0004642768966164608,0.0004149921498060045,0.0011577631588237662,0.016623732053053817,0.014118376446834351,0.0016166666509020379,0.003943521378076531,0.001166143122041845,0.0023733555521777794,0.0003059768991162872,0.09000190165276878,0.13450079646335322,0.1555727302810619,,0.0007352948806225485,0.0035217533095470727,0.00445614702691597,0.002675763030887161,0.0011840413160991738,0.2508870618251966,0.0008443223394641681,0.0009082451681479904,0.0027744389301877746,0.0026160203380528485,0.01200115666940772
2022-12-29 15:41:51,0.026548894307054455,0.05828589020610864,0.05709366317872257,0.055787026330970865,0.014697801458326689,0.002060319086822462,0.0004642768966164608,0.0004149921498060045,0.0011463290427681696,0.016623732053053817,0.014118376446834351,0.0016166666509020379,0.003977205602332621,0.001166143122041845,0.0023570325332158285,0.0002875263641750833,0.09000190165276878,0.13450079646335322,0.15564556847837754,,,0.0035217533095470727,0.0045942755070862516,0.0024738508133776496,0.0011840413160991738,0.2508870618251966,0.0008190068459566073,0.0008757145905485806,0.0028259518816493726,0.0026652030598196606,0.01200115666940772
2022-12-29 15:41:52,0.02599011218652615,0.05330554393872791,0.05709366317872257,0.055787026330970865,0.014697801458326689,0.002060319086822462,0.0004642768966164608,0.00029690219077395787,0.0010335615301146862,0.014880723902505284,0.014118376446834351,0.0016166666509020379,0.0040108898265887125,0.0009418097886083564,0.0023570325332158285,0.0002875263641750833,0.09000190165276878,0.13450079646335322,0.15564556847837754,,,0.0035217533095470727,0.0049659568945918525,0.002496002849824199,0.0011840413160991738,0.2508870618251966,0.0007936913524490465,0.0008431840129491711,0.0026700304699613063,0.0027143857815864728,0.01200115666940772
2022-12-29 15:41:53,0.02599011218652615,0.0601353287540043,0.05709366317872257,0.055787026330970865,0.014697801458326689,0.002060319086822462,0.0004642768966164608,0.0002996204846026277,0.001022772961575726,0.015010688114632399,0.014118376446834351,0.0016166666509020379,0.003239795724374171,0.0009418097886083564,0.0023570325332158285,0.0002875263641750833,0.09000190165276878,0.13450079646335322,0.15564556847837754,,,0.0035217533095470727,0.0049659568945918525,0.002378486155371781,0.0011840413160991738,0.2508870618251966,0.0007683758589414857,0.0008106534353497614,0.00269394482882278,0.0031227190385658184,0.011763573781886316
2022-12-29 15:41:54,0.02599011218652615,0.0601353287540043,0.05709366317872257,0.05051003623715389,0.014697801458326689,0.0019068721540751855,0.0004642768966164608,0.00030233877843129737,0.0010031869771273039,0.015140652326759511,0.014118376446834351,0.0016166666509020379,0.0034268929955494224,0.0009418097886083564,0.0023570325332158285,0.00028867096635111684,0.09029698464989225,0.13900809595787472,0.15564556847837754,,,0.0035217533095470727,0.0049659568945918525,0.0025325884397447555,0.0011840413160991738,0.23275493743451783,0.000743060365433925,0.0003906327666118783,0.0028730949960087586,0.0031498657828550065,0.011372638870142063
2022-12-29 15:41:55,0.02599011218652615,0.0601353287540043,0.05709366317872257,0.04725691042734208,0.014697801458326689,0.002040577843461287,0.0004642768966164608,0.0003050570722599672,0.0010031869771273039,0.016148763059527508,0.013098807279040423,0.0016166666509020379,0.003388130176553934,0.0009418097886083564,0.00235858276060034,0.00028867096635111684,0.09029698464989225,0.13900809595787472,0.15564556847837754,,,0.0035217533095470727,0.0049659568945918525,0.0025325884397447555,0.001179166485957063,0.23066236681816715,0.0007177448719263641,0.0003713997213096022,0.0028730949960087586,0.0031498657828550065,0.011372638870142062
2022-12-29 15:41:56,0.02591912189044808,0.0601353287540043,0.05709366317872257,0.02933272665101002,0.014697801458326689,0.002040577843461287,0.0004642768966164608,0.00030777536608863693,0.0010031869771273039,0.016148763059527508,0.012981209912512864,0.001622210266647732,0.003349367357558446,0.0009418097886083564,0.00235858276060034,0.00028867096635111684,0.09096301612366872,0.13900809595787472,0.14382472406220842,,,0.003618263594875149,0.005143445793879266,0.0025325884397447555,0.001179166485957063,0.22856979620181644,0.0006924293784188033,0.0003521666760073261,0.0028730949960087586,0.0031498657828550065,0.011372638870142062
2022-12-29 15:41:57,0.026096954202745666,0.0601353287540043,0.05709366317872257,0.02933272665101002,0.014508604881824122,0.002040577843461287,0.00041524652043103787,0.00026805239249601953,0.0010031869771273039,0.015152462643711121,0.013782846053066622,0.0016294178052598718,0.003374460072355161,0.0006081497527426014,0.00235858276060034,0.00028867096635111684,0.09096301612366872,0.13900809595787472,0.15786735092404436,,,0.0037489445666783385,0.005143445793879266,0.0025325884397447555,0.001191458051880246,0.24689676955988876,0.0006671138849112425,0.00033293363070505003,0.0028708402380294177,0.0031498657828550065,0.011372638870142062
2022-12-29 15:41:58,0.026096954202745666,0.0601353287540043,0.055908638003413204,0.02933272665101002,0.014508604881824122,0.002027270796461437,0.00041889721917439163,0.0002608022824931371,0.0010031869771273039,0.015152462643711121,0.012484736084161771,0.0016294178052598718,0.0024646001813344804,0.0006081497527426014,0.0024251369627979052,0.00028867096635111684,0.08346683626826851,0.13900809595787472,0.15786735092404436,,,0.00386348779873641,0.005143445793879266,0.0023507093158587834,0.001191458051880246,0.24689676955988876,0.0006417983914036817,0.0003137005854027739,0.002860140704385181,0.0031498657828550065,0.011371063521497218
2022-12-29 15:41:59,0.026096954202745666,0.0601353287540043,0.06104099010947986,0.02933272665101002,0.014508604881824122,0.001925362671747985,0.00042254791791774534,0.00025808398866446734,0.0010031869771273039,0.015152462643711121,0.012598836852499688,0.001542389074185681,0.0024646001813344804,0.0006081497527426014,0.0024251369627979052,0.00028867096635111684,0.08423295878636905,0.1400636607044235,0.15786735092404436,,,0.003661549151236252,0.005143445793879266,0.0023280447798701685,0.001191458051880246,0.24689676955988876,0.0006164828978961206,,0.0022246446893428723,0.003136616805484196,0.011371063521497218
2022-12-29 15:42:00,0.026096954202745666,0.0601353287540043,0.06186753887361723,0.02933272665101002,0.013144361037412133,0.0018805332712043274,0.0004223617702759217,0.00025536569483579753,0.0010031869771273039,0.015152462643711121,0.012712937620837608,0.0015571331000350996,0.0024646001813344804,0.0005409527510765722,0.002449487432758692,0.00028867096635111684,0.08499908130446959,0.1400636607044235,0.15786735092404436,,,0.0036947755375253003,0.005143445793879266,0.0023053802438815535,0.0011918385126687366,0.24689676955988876,,,0.0022246446893428723,0.002254978177162266,0.011371063521497218
